1,1,06/16/2016 11:48,"20.53012,-100.80941",,"On Guanajuato street, at the intersection of Primo de Verdad street",Oriente,Structural Measurement,344,15.8,1.55,21.5,https://drive.google.com/open?id=0B2peLSjj8MvuaWp5aWpnMl9jakE,https://drive.google.com/open?id=0B2oSxAcRutgXSllnbV9vNzhjVGs,Road,Image of fault going through road,https://drive.google.com/open?id=0B2oSxAcRutgXa0g0S2dzQVYzZUU,Road,Image of fault going through road,https://drive.google.com/open?id=0Bwb5qHvpwY-5eEU1dUFZUks0ZVU,Road,Image of cracks in road due to faulting,,https://drive.google.com/open?id=0B2peLSjj8MvuYi1ncUE5NW1SQTg,,2016-06-21-04-06-15
1,2,06/16/2016 12:02,"20.53044,-100.80948",,On Primo de Verdad street,Oriente,Structural Measurement,340,,,,https://drive.google.com/open?id=0B2peLSjj8MvuQTlKX2VPNFFQV2M,https://drive.google.com/open?id=0B2oSxAcRutgXTEZOd3dXVTdJOUE,Road,Image of fault going through road,https://drive.google.com/open?id=0B2oSxAcRutgXaXBCYXRnZjJwWHc,Road,Image of fault going through road,https://drive.google.com/open?id=0B2oSxAcRutgXaENoalZnYmsxRkk,Road,Image of fault going through road,,https://drive.google.com/open?id=0B2peLSjj8MvuYi1ncUE5NW1SQTg,,2016-06-21-04-06-28
1,3,06/16/2016 12:11,"20.53084,-100.80953",,"On Primo de Verdad street, at the intersection of 20 de Noviembre street",Oriente,Structural Measurement,338,,0.68,15.8,https://drive.google.com/open?id=0B2peLSjj8MvuaVFyS1BoUHJrVTQ,https://drive.google.com/open?id=0B2oSxAcRutgXeU1DM2IyV2NVQ1E,Sidewalk,Image of fault in road with sidewalk,https://drive.google.com/open?id=0B2oSxAcRutgXX3Y1VnRrR28wTGc,Road,Image of fault in road,https://drive.google.com/open?id=0B2oSxAcRutgXN1RXN2ViaHRnYzA,Road,Image of fault in road,,https://drive.google.com/open?id=0B2peLSjj8MvuYi1ncUE5NW1SQTg,,2016-06-21-04-06-36
1,4,06/16/2016 12:15,,,"On 20 de Noviembre street, at the intersection of Primo de Verdad street",Oriente,Structural Measurement,318,,,,https://drive.google.com/open?id=0B2peLSjj8MvuQ3k1QV9TT2pYRVE,https://drive.google.com/open?id=0B2oSxAcRutgXYWUtZndsczE3NVU,Road,Image of fault in road,,Wall,Image of fault in road,,Wall,Image of fault in road,,https://drive.google.com/open?id=0B2peLSjj8MvuYi1ncUE5NW1SQTg,Image of fault in road,2016-06-21-04-06-50
1,9,06/16/2016 13:22,"20.52851,-100.80905","311379.705249,2271012.438198","On Oaxaca street, at the intersection of Primo de Verdad street",Oriente,Structural Measurement,328,22,1.65,29.5,https://drive.google.com/open?id=0B2peLSjj8MvuVjlhbWcwWTFnTTQ,https://drive.google.com/open?id=0B2oSxAcRutgXNTZZUkJ1Umd5UTQ,Road,Wide view of the street,https://drive.google.com/open?id=0B2oSxAcRutgXM0p3OFZTSVcyVGs,Sidewalk,A crack filled with rocks,,Wall,,,https://drive.google.com/open?id=0B2peLSjj8MvuYi1ncUE5NW1SQTg,People told us the sidewalk cracked within 3 years,2016-06-21-04-14-04
1,13,06/16/2016 2:41:00 PM,"20.52675, -100.80804","14Q, 311482.882476, 2270816.424888","On Coahuila street, at the intersection of La Paz street",Oriente,Structural Measurement,326,26.9,1.54,22.9,https://drive.google.com/open?id=0B2peLSjj8MvubFZEeElocGZWVzA,https://drive.google.com/open?id=0B2oSxAcRutgXaXpOemh2bUhmTkU,Road,road fracture,https://drive.google.com/open?id=0B2oSxAcRutgXd2tNZ0gzZ0oyN28,Sidewalk,incipient damage,https://drive.google.com/open?id=0B2oSxAcRutgXRUNseDU3UGd0SnM,Road,general view,,https://drive.google.com/open?id=0B2peLSjj8MvuYi1ncUE5NW1SQTg,,2016-06-21-04-14-50
1,5,06/16/2016 12:21,"20.53202, -100.80975","14Q, 311311.0074,2271401.834","On Heroe de Nacozari street, at the intersection of Villahermosa street",Oriente,Structural Measurement,342,-,-,-,https://drive.google.com/open?id=0B2peLSjj8MvuVXQwVFdTdEpNNzg https://drive.google.com/open?id=0B2peLSjj8MvuNkpiRE4xY1Q2aEU,https://drive.google.com/open?id=0B2oSxAcRutgXczIyUEI4U0JNazQ,Road,Image of the fault,,Wall,,,Wall,,,https://drive.google.com/open?id=0B2peLSjj8MvuYi1ncUE5NW1SQTg,,2016-06-21-04-16-51
1,14,06/16/2016 2:53:00 PM,"20.52627, -100.80807","14Q, 311479.17, 2270763.32","On La Paz street, at the intersection of Coahuila street",Oriente,Structural Measurement,330,31.5,1.51,17.4,https://drive.google.com/open?id=0B2peLSjj8MvuMW9aSWs5aWZQbTg,https://drive.google.com/open?id=0B2oSxAcRutgXTk5zU0M2ZFpXMFU,Other,Stairs filled too many times,https://drive.google.com/open?id=0B2oSxAcRutgXLVJnYjRUdVF5U2s,Road,general view,https://drive.google.com/open?id=0Bwb5qHvpwY-5aFR2d0otVUVhWEE,Road,fracture,ImageTrackTeam1.jpg,https://drive.google.com/open?id=0B2peLSjj8MvuYi1ncUE5NW1SQTg,,2016-06-21-04-20-21
1,15,06/16/2016 3:08:00 PM,"20.52473, -100.80743","14Q, 311544.03, 2270592.09",On Fresnillo street,Oriente,Structural Measurement,344,13.8,1.59,16.7,https://drive.google.com/open?id=0B2peLSjj8MvuSHBySmtDbUhnOW8,https://drive.google.com/file/d/0Bwb5qHvpwY-5dGIzdkNSeVZIQkk/view?usp=sharing,Road,fracture,https://drive.google.com/open?id=0Bwb5qHvpwY-5UHZvWm5tdVhfTDQ,Housefront,Huge difference between levels,https://drive.google.com/open?id=0B2oSxAcRutgXSUxfc1h5UWRvWFU,Road,,ImageTrackTeam1.jpg,https://drive.google.com/open?id=0B2peLSjj8MvuYi1ncUE5NW1SQTg,,2016-06-21-04-23-39
1,16,06/16/2016 3:24:00 PM,"20.52579, -100.80768","14Q, 311519.25, 2270709.73","On Sonora street, at the intersection of Coahuila street",Oriente,Structural Measurement,324,46.1,1.59,16.7,https://drive.google.com/open?id=0B2peLSjj8MvuLUFRVEJIQ0VFcUE,https://drive.google.com/open?id=0B2oSxAcRutgXQ1k3NFZIRElyUFk,Road,Fracture,https://drive.google.com/open?id=0B2oSxAcRutgXWHhUME1nLUNtdjA,Wall,Wall very inclinated,,Wall,,ImageTrackTeam1.jpg,https://drive.google.com/open?id=0B2peLSjj8MvuYi1ncUE5NW1SQTg,,2016-06-21-04-25-57
1,6,06/16/2016 12:55,"20.52974, -100.80948","14Q, 311336.37, 2271149.11","On Primo de Verdad Street, at the intersection of Jalisco street",Oriente,Image,-,-,-,-,https://drive.google.com/open?id=0B2peLSjj8MvuTkFuUkp2QnBTQTg,https://drive.google.com/open?id=0B2oSxAcRutgXU2k5dnNETHVRVTg,Wall,Thickness 1.5 cm,,Wall,,,Wall,,ImageTrackTeam1.jpg.crdownload,https://drive.google.com/open?id=0B2peLSjj8MvuYi1ncUE5NW1SQTg,,2016-06-21-04-26-12
1,8,06/16/2016 13:11,"20.52971,-100.80935","14Q, 311349.8896, 2271145.635","On Oaxaca street, at the intersection of Primo de Verdad street",Oriente,Structural Measurement,328,22,1.65,29.5,https://drive.google.com/open?id=0B2peLSjj8MvuaG9ZSmx4WDY1TXM,https://drive.google.com/open?id=0B2oSxAcRutgXcHV0azZRMjJfYkU,Road,Image of fault,https://drive.google.com/open?id=0B2oSxAcRutgXNHJPWGFzOFh0Q1k,Wall,,,Door,,ImageTrackTeam1.jpg,https://drive.google.com/open?id=0B2peLSjj8MvuYi1ncUE5NW1SQTg,,2016-06-21-04-30-06
1,7,06/16/2016 13:00,"20.52975,-100.8094","14Q, 311344.7242, 2271150.121","On Jalisco street, at the intersection of Primo de Verdad street",Oriente,Structural Measurement,336,23.1,1.63,30.6,https://drive.google.com/open?id=0B2peLSjj8MvuREh2RjN5My1veXc,https://drive.google.com/open?id=0B2oSxAcRutgXUU9USkVvWWpPQkU,Road,Image of the fault. Thicknes 1.5 cm,https://drive.google.com/open?id=0B2oSxAcRutgXWFFENzJKaTZQWkE,Sidewalk,,,Wall,,ImageTrackTeam1.jpg,https://drive.google.com/open?id=0B2peLSjj8MvuYi1ncUE5NW1SQTg,,2016-06-21-04-33-33
1,10,06/16/2016,"20.52806,-100.80886","311379.705249,2271012.438198","On Guillermo Prieto avenue, near the Santa Clara ice cream",Oriente,Structural Measurement,322,24.4,1.6,34.5,https://drive.google.com/open?id=0B2peLSjj8MvuVjlhbWcwWTFnTTQ,https://drive.google.com/open?id=0B2oSxAcRutgXeFl3UExHaW1YLWM,Road,Wide view of the road like a ramp,https://drive.google.com/open?id=0B2oSxAcRutgXVGx0TG5IeVlEams,Other,Separation of the base of a building,https://drive.google.com/open?id=0B2oSxAcRutgXQl9xNWxqaW96d3M,Sidewalk,A crack of the stairs on the street,ImageTrackTeam1.jpg,https://drive.google.com/open?id=0B2peLSjj8MvuYi1ncUE5NW1SQTg,The fault caused several structure damage on a stairs and biulding,2016-06-21-04-34-42
1,11,06/16/2016,"20.52792,-100.80874","311398.968842,2270962.399889","On Agustín Arroyo Chagoyan, at the intersection of Nuevo Leon",Oriente,Structural Measurement,328,16.6,1.57,17.6,https://drive.google.com/open?id=0B2peLSjj8MvuYXRzanFzX0ZRYVk,https://drive.google.com/open?id=0Bwb5qHvpwY-5NzBseC1YbnlTanc,Sidewalk,Part of the sidewalk cracked,https://drive.google.com/open?id=0Bwb5qHvpwY-5eFdTM0lKU3ZNWUE,Road,A fracture on the rode,https://drive.google.com/open?id=0B2oSxAcRutgXM2NRTEY1dlFBeVk,Sidewalk,A fracture on the base of a building,ImageTrackTeam1.jpg,https://drive.google.com/open?id=0B2peLSjj8MvuYi1ncUE5NW1SQTg,Cracks on a building and sidewalk,2016-06-21-04-38-00
1,12,06/16/2016,"20.52706,-100.80831","311411.312181,2270946.762101","On Nuevo Leon street, at the intersection of Agustin Arroyo street",Oriente,Structural Measurement,312,19,1.62,21.2,https://drive.google.com/open?id=0B2peLSjj8Mvua1RzMmZmLV9ZVjA,https://drive.google.com/open?id=0B2oSxAcRutgXbFlCVElwR3JIUG8,Door,A door leaned,https://drive.google.com/open?id=0Bwb5qHvpwY-5MlFZamM1N1VZY2c,Road,Fractures on the road,,Wall,,ImageTrackTeam1.jpg,https://drive.google.com/open?id=0B2peLSjj8MvuYi1ncUE5NW1SQTg,It was nearby the last one so we can assume the damaged was caused within 3 years too.,2016-06-21-04-41-19
2,7,Thu Jun 16 13:48:58 2016,20.52818961 -100.8121629,"14Q, 311054.6594 2270980.567",Residential Zone,Oriente,Structural Measurement,335,Not visible,-,-,https://lh5.googleusercontent.com/Lm6mTmjIlh-3h7j7Tr192SRsDwnbA1ijKZCm5AIT2txMVw2UNN6WtOomRv8XmfXNB1uq3A=w1229-h569,https://drive.google.com/file/d/0B-xqovB0wtaESWx5cm96REpoZHM/view?usp=sharing,Wall,Tension cracks on asphalt. Displacement on sidewalks and cracking.,,Wall,,,Wall,,,,:),2016-06-21-03-59-43
2,1,06/16/2016 11:35,"20.53019851, -100.8093459","14Q, 311350.91635752, 2271199.71266662",Class example on fault located on intersection of Guanajuato and Primo Verdad Streets,Oriente,Structural Measurement,350-353-354,15,2.1,8.113776941,-,https://drive.google.com/file/d/0B-xqovB0wtaEMGgzMFJGcWRJc00/view?usp=sharing,Road,Fault on the street,https://drive.google.com/file/d/0B_iQ7IZhmO2zaXhjOTQ2N1ZqQlU/view?usp=sharing,Road,Fault on the street,,Wall,,,https://drive.google.com/file/d/0B-xqovB0wtaEd2NPYWp6bjFrMjQ/view?usp=sharing,,2016-06-21-04-01-41
2,13,06/16/2016 14:43,"20.52818961, -100.8121629","14Q, 311054.6594, 2270980.567",La Paz and Guadalupe Street. North sidewalk. Make Up Store.,Poniente,Structural Measurement,346-349,13,1,4.45,https://drive.google.com/folderview?id=0B-xqovB0wtaETVV6cDFWa3RNdm8&usp=sharing,https://drive.google.com/file/d/0B-xqovB0wtaEQldmT3VLcWlDeGs/view?usp=sharing,Road,Asphalt not concrete where the fault,https://drive.google.com/file/d/0B_iQ7IZhmO2zM0p5ekRIekROVEU/view,Sidewalk,,,Wall,,,https://drive.google.com/folderview?id=0B-xqovB0wtaETVJPSWFjcmJtdHc&usp=sharing,,2016-06-21-04-04-00
2,8,Thu Jun 16 13:34:24 2016,20.52957232 -100.8126936,"14Q, 311001.0202 2271134.259",Next to Centro Holístico/Calle Sinaloa,Oriente,Structural Measurement,334,no offset visible,no offset visible,no offset visible,https://lh3.googleusercontent.com/Sg7vlDiCPWvQZFMpioHiIU0NaOriWDnb15WdH1gmnMCsuYDXiZc_XivkCP7BasStcaw0tw=w575-h546,https://drive.google.com/file/d/0B-xqovB0wtaEbG1TdmRNT3JOcFU/view?usp=sharing,Sidewalk,Strike inferred from tiny cracks on sidewalks,,Wall,,,Wall,,,https://drive.google.com/file/d/0B-xqovB0wtaEd2NPYWp6bjFrMjQ/view,,2016-06-21-04-08-19
2,14,06/16/2016 14:57,"20.5250002, -100.8116944","14Q, 311099.6038, 2270626.93","Hospital Guadalupano, Guadalupe 205 Street.",Poniente,Structural Measurement,,,,,,https://drive.google.com/file/d/0B-xqovB0wtaEajZ0bHB1ZV9QWGc/view?usp=sharing,Other,"Inside Hospital, in the hall. No strike dip.",https://drive.google.com/file/d/0B_iQ7IZhmO2zajl0cE1kUU5yYTQ/view?usp=sharing,Other,"Hall, ramp because the fault",https://drive.google.com/file/d/0B2clEDkilKH0b0VRRVo1WW82MkE/view?usp=sharing,Other,Emergency Area,,https://drive.google.com/file/d/0B-xqovB0wtaEd2NPYWp6bjFrMjQ/view,,2016-06-21-04-10-24
2,9,Thu Jun 16 13:13:30 2016 13:13,20.53065288 -100.8121844,"14Q, 311055.444 2271253.298",Located in street,Oriente,Structural Measurement,340,,,,https://lh5.googleusercontent.com/PSzXEJuBF5-wH5w0iKKxf-xUEguFEg9-_jcfHw3aOACdZXzQK6IEWcJJiiEcwEOxQOdXBw=w1229-h569,https://drive.google.com/file/d/0B-xqovB0wtaEQi1TYWpmTnlGMG8/view?usp=sharing,Wall,,,Wall,,,Wall,,,https://drive.google.com/file/d/0B-xqovB0wtaEd2NPYWp6bjFrMjQ/view,,2016-06-21-04-12-40
2,10,Thu Jun 16 13:03:31 2016 13:03,20.53159408 -100.8124955,"14Q, 311024.1632 2271357.857","on calle yucatan, faults cuts across red bricks",Oriente,Structural Measurement,,,,,,https://drive.google.com/file/d/0B-xqovB0wtaEUXZaM0MzdVVTZlk/view?usp=sharing,Wall,,,Wall,,,Wall,,,https://drive.google.com/file/d/0B-xqovB0wtaEd2NPYWp6bjFrMjQ/view,Faults are blurry. We cant map it verywell.,2016-06-21-04-16-39
2,2,06/16/2016 12:04,"20.53047404, -100.80945428","14Q, 311339.9513634, 2271230.34143189",Heading north on primo verdad,Oriente,Structural Measurement,350,-,-,-,https://drive.google.com/file/d/0B-xqovB0wtaEYzk0QnZEcEtmZDA/view?usp=sharing,https://drive.google.com/file/d/0B-xqovB0wtaEMGgzMFJGcWRJc00/view?usp=sharing,Road,Crack on the road,https://drive.google.com/file/d/0B-xqovB0wtaENF9GSFdidEZEOWs/view?usp=sharing,Sidewalk,The sidewalk shows some cracks. We can see a football field behind the sidewalk level.,https://drive.google.com/file/d/0B-xqovB0wtaEWGFnWmoxdjlWRGM/view?usp=sharing,Wall,Crack on the road,,https://drive.google.com/file/d/0B-xqovB0wtaEd2NPYWp6bjFrMjQ/view?usp=sharing,,2016-06-21-04-21-45
2,11,Thu Jun 16 13:40:23 2016 13:40,20.52885862 -100.81241,"14Q, 311029.7161 2271054.918",Next to a ´Ferretería & Plomería´,Oriente,Structural Measurement,340,,,,https://lh6.googleusercontent.com/Q8chkCdYGD3yZUznu5nKpwudqUisfWm-0pPFd5xBIjpvAAkRhFA89Wz5bvqxiGuXMvEkqA=w1229-h569,https://drive.google.com/file/d/0B-xqovB0wtaEU2dOdGxpMVpWTWs/view?usp=sharing,Housefront,Inminent displacement inside house,https://drive.google.com/file/d/0B-xqovB0wtaEYV9ZT3pPeW1TZGM/view?usp=sharing,Housefront,,,Wall,,,https://drive.google.com/file/d/0B-xqovB0wtaEd2NPYWp6bjFrMjQ/view,,2016-06-21-04-21-47
2,15,06/16/2016 15:02,"20.52463192, -100.8116381","14Q, 311105.0255, 2270586.093",5 de Mayo Street and Guadalupe Street,Poniente,Structural Measurement,10 ó 346,9,1,6.39,https://drive.google.com/folderview?id=0B-xqovB0wtaETVV6cDFWa3RNdm8&usp=sharing,https://drive.google.com/file/d/0B-xqovB0wtaEOXJ4UjlzSEdOc1E/view?usp=sharing,Wall,"Wall, repaired , shearing stress deformation",https://drive.google.com/file/d/0B_iQ7IZhmO2zdGE1b3pqWDk0WXM/view,Wall,"Wall, repaired , shearing stress deformation",,Wall,,,https://drive.google.com/file/d/0B-xqovB0wtaEd2NPYWp6bjFrMjQ/view,,2016-06-21-04-22-40
2,3,06/16/2016 12:15,"20.52641284, -100.81145337","14Q, 311126.48010594, 2270783.04251989",On primo verdad closer 20 de Noviembre,Oriente,Structural Measurement,325-353,16,4,14.51182111,https://drive.google.com/file/d/0B-xqovB0wtaES2VHT1o3bmp2Nmc/view?usp=sharing,https://drive.google.com/file/d/0B-xqovB0wtaEQ3JnOTk5bzM5RjA/view?usp=sharing,Road,Sidewalk and road with a crack,,Wall,,,Wall,,,https://drive.google.com/file/d/0B-xqovB0wtaEd2NPYWp6bjFrMjQ/view?usp=sharing,,2016-06-21-04-23-28
2,12,Thu Jun 16 13:48:58 2016 13:48,20.52818961 -100.8121629,"14Q, 311054.6594 2270980.567",,Oriente,Structural Measurement,335,16,1,3.63,https://lh5.googleusercontent.com/ntdwEzCk7kgE7tGBTccG4zAyW-YIMd3jhcSGEvgMvoDuMAOJ-o9nYmBGtM-xtkjrLAJ6HQ=w1229-h569,https://drive.google.com/file/d/0B-xqovB0wtaESWx5cm96REpoZHM/view?usp=sharing,Sidewalk,,,Wall,,,Wall,,,https://drive.google.com/file/d/0B-xqovB0wtaEd2NPYWp6bjFrMjQ/view,,2016-06-21-04-24-55
2,4,06/16/2016 12:18,"20.5310705, -100.80956065","14Q, 311329.58971312, 2271296.49760121",-,Oriente,Structural Measurement,-,-,-,-,https://drive.google.com/file/d/0B-xqovB0wtaEeHVDdG9vQ2RtcmM/view?usp=sharing,https://drive.google.com/file/d/0B-xqovB0wtaETzZ4dkk0bm1JMU0/view?usp=sharing,Wall,The rear of a house is shown at a higher level than the sidewalk.,,Wall,,,Wall,,,https://drive.google.com/file/d/0B-xqovB0wtaEd2NPYWp6bjFrMjQ/view?usp=sharing,,2016-06-21-04-25-47
2,1,06/16/2016 15:39,"20.52133019,-100.8104539","14Q,311224.4806,2270219.194",,Poniente,Structural Measurement,349,15,1.5,5.795554958,,https://drive.google.com/file/d/0B-,Wall,red building,https://drive.google.com/file/d/0B_iQ7IZhmO2zaTd2bmVlVkczMU0/view?usp=sharing,Wall,business that sell carriages,,Housefront,,,,,2016-06-21-04-27-00
2,5,06/16/2016 12:24,,,Near railroad tracks,Oriente,Structural Measurement,354,-,3,-,https://drive.google.com/file/d/0B-xqovB0wtaEaGZITHFLSnZyQmc/view?usp=sharing,https://drive.google.com/file/d/0B-xqovB0wtaEOWlEWnpBOTYyZVU/view?usp=sharing,Wall,Crack Road,https://drive.google.com/file/d/0B_iQ7IZhmO2zMEM0Z0lRQjBTbmc/view?usp=sharing,Wall,Crack Road,,Wall,,,https://drive.google.com/file/d/0B-xqovB0wtaEd2NPYWp6bjFrMjQ/view?usp=sharing,Crack Road,2016-06-21-04-29-27
2,6,06/16/2016 12:53,"20.53111172, -100.81214714","14Q, 311059.89664703, 2271304.05199641",slip visible on pink house and extends to offset fence,Oriente,Structural Measurement,335,-,0.1,-,https://drive.google.com/file/d/0B-xqovB0wtaEYzdaYWhCOVUyZFU/view?usp=sharing,https://drive.google.com/file/d/0B-xqovB0wtaEdzhZU1dDazdOcGM/view?usp=sharing,Road,Crack Road,https://drive.google.com/file/d/0B_iQ7IZhmO2zRjFQc0xickxkZUk/view?usp=sharing,Sidewalk,Crack Road,,Housefront,,,https://drive.google.com/file/d/0B-xqovB0wtaEd2NPYWp6bjFrMjQ/view?usp=sharing,,2016-06-21-04-30-43
2,16,06/16/2016 15:16,"20.52295232, -100.8109287","14Q, 311176.9566, 2270399.326",Fco. Madero Street,Poniente,Structural Measurement,336-350,12,1.5,7.86,https://drive.google.com/folderview?id=0B-xqovB0wtaETVV6cDFWa3RNdm8&usp=sharing,https://drive.google.com/file/d/0B-xqovB0wtaEWmRXOG9rZmR0dW8/view,Other,and wall,https://drive.google.com/file/d/0B_iQ7IZhmO2zUmlnU3RaVXRwdlk/view?usp=sharing,Wall,Convento Franciscano,,Wall,,,https://drive.google.com/file/d/0B-xqovB0wtaEd2NPYWp6bjFrMjQ/view,,2016-06-21-04-35-37
2,17,06/16/2016 15:24,"20.5218853, -100.8114648","14Q, 311119.7301, 2270281.818","Parking lote, Carranza Street, Carnitas el Bajio Shop, entrance not allowed",Poniente,Structural Measurement,,,,,https://drive.google.com/folderview?id=0B-xqovB0wtaETVV6cDFWa3RNdm8&usp=sharing,,Other,no,,Other,no,,Other,no,,https://drive.google.com/file/d/0B-xqovB0wtaEd2NPYWp6bjFrMjQ/view,,2016-06-21-04-39-56
2,18,06/16/2016 15:30,"20.52191665, -100.8106472","14Q, 311205.0429, 2270284.343","Plaza Independencia,",Poniente,Structural Measurement,348-345,0,1.5,?,https://drive.google.com/folderview?id=0B-xqovB0wtaETVV6cDFWa3RNdm8&usp=sharing,https://drive.google.com/file/d/0B-xqovB0wtaER284dTI3Y3Jmajg/view?usp=sharing,Wall,,https://drive.google.com/file/d/0B_iQ7IZhmO2zRE40NURZX0lBd2M/view?usp=sharing,Other,stairs,,Wall,,,https://drive.google.com/file/d/0B-xqovB0wtaEd2NPYWp6bjFrMjQ/view,,2016-06-21-04-44-19
2,20,06/16/2016 15:52,"20.52039421,-100.8101622","14Q,311253.7579,2270115.236","In front of busines ""Creaciones Alma""",Poniente,Structural Measurement,340,11,1.5,7.86,,https://drive.google.com/file/d/0B-xqovB0wtaEQXkxZ05MUlYtMUk/view?usp=sharing,Wall,fault covered by asphalt,,Wall,,,Wall,,,https://drive.google.com/file/d/0B-xqovB0wtaEd2NPYWp6bjFrMjQ/view,,2016-06-21-04-49-29
2,20,06/16/2016 15:52,"20.52039421,-100.8101622","14Q,311253.7579,2270115.236","In front of busines ""Creaciones Alma""",Poniente,Structural Measurement,340,11,1.5,7.86,,https://drive.google.com/file/d/0B-xqovB0wtaEQXkxZ05MUlYtMUk/view?usp=sharing,Wall,fault covered by asphalt,,Wall,,,Wall,,,https://drive.google.com/file/d/0B-xqovB0wtaEd2NPYWp6bjFrMjQ/view,,2016-06-21-04-49-29
2,21,06/20/2016 12:38,"20.52244085,-100.8108555","14Q,311183.9592,2270342.618",next to a pine tree and fountain,Poniente,Structural Measurement,338,-1,1,57.29,,https://drive.google.com/file/d/0B-xqovB0wtaEcGZaZ3dFUlp5RTg/view?pref=2&pli=1,Wall,Wall dislocated in two parts,,Wall,,,Wall,,,,,2016-06-21-04-57-43
2,22,06/20/2016 12:36,"20.52244085,-100.8108555","14Q,311183.9592,2270342.618",roof of historic center,Poniente,Structural Measurement,337,3,1,-19.107,,https://drive.google.com/file/d/0B-xqovB0wtaEU1dVVkNlbkdLdGs/view?pref=2&pli=1,Other,roof,,Wall,,,Wall,,,,,2016-06-21-05-05-14
2,23,06/20/2016 11:47,"20.52244085,-100.8108555","14Q,311183.9592,2270342.618",fault in the church,Poniente,Structural Measurement,328,0,1.2,,,https://drive.google.com/file/d/0B-xqovB0wtaEU1dVVkNlbkdLdGs/view?pref=2&pli=1,Other,roof of church in celaya on 2nd trip,,Wall,,,Wall,,,,,2016-06-21-05-16-38
2,24,06/20/2016 11:42,"20.52244085,-100.8108555","14Q,311183.9592,2270342.618",fracture in wall of the temple,Poniente,Structural Measurement,328,,,,,https://drive.google.com/file/d/0B-xqovB0wtaEWlBZeG1VOFNNT1U/view?pref=2&pli=1,Wall,inside church,,Wall,,,Wall,,,,,2016-06-21-05-20-56
3,4,06/16/2016 16:00,"20.51147603, -100.80759129","14Q,311510.97397972,2269124.95046548",Inside Market (Parking Lot),Poniente,Structural Measurement,341,-,-,7,https://drive.google.com/open?id=0B6MCY2doAFR0TG9ySWZqOWdFM2c,https://drive.google.com/open?id=0B-k-j9njrUiLQUotRVZxaXdNM0U,Road,Fractures in asphalt. Subtle but wide.,https://drive.google.com/open?id=0B-k-j9njrUiLdW1ibEdScThZX3M,Road,-,https://drive.google.com/open?id=0B-k-j9njrUiLRVhPR2ZQUUh4UVk,Wall,Fractures in asphalt. Subtle but wide.,TrackTeam3.jpg,https://drive.google.com/open?id=0B3roOl6qm5iSRDZWdC1jZ25oTUE,-,2016-06-21-04-58-02
3,14,06/16/2016 15:42,"20.51775301, -100.80943905","14Q,311325.9411126,2269821.99729645",130A Libertad Street,Poniente,Structural Measurement,321,-,-,8.2,https://drive.google.com/open?id=0B6MCY2doAFR0M0JXWllPand4aDQ,https://drive.google.com/open?id=0B-k-j9njrUiLcWRBTmpMZ2lhbG8,Wall,https://drive.google.com/open?id=0B6MCY2doAFR0M0JXWllPand4aDQ,https://drive.google.com/open?id=0B-k-j9njrUiLVTZGS3p2S2tDNDA,Wall,Crack on inside wall of a house.,https://drive.google.com/open?id=0B-k-j9njrUiLT0FBeG5iX1hrcFk,Wall,Cracks on in front of wall of a grocery place. 1.80 cm cracks.,TrackTeam3.jpg,https://drive.google.com/open?id=0B3roOl6qm5iSRDZWdC1jZ25oTUE,-,2016-06-21-04-58-08
3,3,06/16/2016 13:24,"20.51148342, -100.80755553","14Q, 311514.7128888, 2269125.72735489",Av. Constituyentes 320 (North Side),Poniente,Structural Measurement,314,-,0.2,5,https://drive.google.com/open?id=0B6MCY2doAFR0Q0JWMTdXVWhpVG8,https://drive.google.com/file/d/0B-k-j9njrUiLWWJMdFZ5R2ZYX0U/view?usp=sharing,Road,Fracture on concrete road,https://drive.google.com/open?id=0B3roOl6qm5iSYVBOMG1CLWV0dVU,Road,Fracture on concrete road. Smaller than 1.,https://drive.google.com/open?id=0B3roOl6qm5iSTzJPZ01ZTGdoX3M,Road,Fracture on concrete road. Wide.,,https://drive.google.com/open?id=0B3roOl6qm5iSRDZWdC1jZ25oTUE,,2016-06-21-04-59-16
3,9,06/16/2016 14:59,"20.51658619, -100.80916286","14Q, 311353.31722497, 2269692.50153925",Fray Toribio Molina Street,Poniente,Structural Measurement,330,-,1.01,7.2,https://drive.google.com/open?id=0B6MCY2doAFR0LVlXRGFWSk5PdEU,https://drive.google.com/open?id=0B-k-j9njrUiLa3JwNS1VeWZfdUk,Other,Tilting telephone pole,https://drive.google.com/open?id=0B-k-j9njrUiLaWxCZGc1UEgwUGM,Road,Cracks on asphalt. Very small and scattering. 6cm apart.,https://drive.google.com/open?id=0B-k-j9njrUiLajk2NlZROUNEMG8,Door,offset fence.,,https://drive.google.com/open?id=0B3roOl6qm5iSRDZWdC1jZ25oTUE,,2016-06-21-05-01-45
3,11,06/16/2016 15:17,"20.51720438, -100.80931722","14Q, 311337.97531474, 2269761.11862787",Pedro de Gante Street intersection Luis Velasco Street,Poniente,Structural Measurement,328,-,-,8.95,https://drive.google.com/open?id=0B6MCY2doAFR0cVlXOFNGZmIyX1E,https://drive.google.com/open?id=0B-k-j9njrUiLd1hkbjFsMWRscHc,Door,Offset on house's fence.,https://drive.google.com/open?id=0B-k-j9njrUiLR04yeHJpa1VXQlU,Road,Numerous cracks on street. Asphalt.,https://drive.google.com/open?id=0B3roOl6qm5iSWkMxaTRUdGhrbHc,Road,Cracks on street.,,https://drive.google.com/open?id=0B3roOl6qm5iSRDZWdC1jZ25oTUE,,2016-06-21-05-03-43
4,2,06/16/2016 13:36,"20.514, -100.8038",,1 block down from the highway on Montes de Oca Street,Oriente,Image,,,0.07,,The normal fault has cracked the whole width of the road and continued into the vacant market,https://drive.google.com/file/d/0B2GGWRgYVZy8X0ZzZndGN0Z4bDA/view,Road,,,Wall,,,Wall,,,,,2016-06-21-03-00-44
4,1,06/16/2016 13:15,"20.51289434, -100.8036854",,,Poniente,Structural Measurement,,,,,,https://drive.google.com/file/d/0B2GGWRgYVZy8SmZBdHFWYzZrSE0/view,Road,This is the offset on the highway that looks like it caused the cracks on the curb on the opposite side,https://drive.google.com/file/d/0B2GGWRgYVZy8dHRhcURrZnVWSGM/view,Road,As you can see there are 2 parts of the brick wall that are clearly offset by the fault. It is a little unclear as to wear exactly the fault runs but more or less in between the 2 offset parts of the wall  Stage 1,https://drive.google.com/file/d/0B2GGWRgYVZy8enN6OUROZVl3bTQ/view,Road,10 cracks on right side of highway (picture does not include all cracks but it stops at 10 then gets much more straight,,,,2016-06-21-03-07-25
4,4,06/16/2016 14:02,"20.5183, -100.8044",,"From large blue cracked wall to tree and truck on the other side, passing a taco place",Oriente,Structural Measurement,330,,0.37,,https://docs.google.com/spreadsheets/d/1H9I2kAQq6QEobCIXyJhNoafxEipMrQx20SZgsFa5IFI/edit?usp=sharing,https://drive.google.com/open?id=0B2GGWRgYVZy8dWxVN2h5Q1lseWM,Wall,Large blue wall with students for scale,https://drive.google.com/open?id=0B2GGWRgYVZy8a24xdnB2QkVmbWM,Road,Students on street with visible dip,,Wall,,Screenshot_2016-06-17-19-49-06.png,https://drive.google.com/open?id=0B_ovWS94gyA5Mk5xc3NtMUQzeUU,,2016-06-21-03-21-37
4,5,06/16/2016 14:30,"20.5196, -100.8049",,"Busy street where we stopped for lunch, watched someone almost get arrested, and encountered a local homeless individual",Oriente,Structural Measurement,338,,,,https://docs.google.com/spreadsheets/d/1H9I2kAQq6QEobCIXyJhNoafxEipMrQx20SZgsFa5IFI/edit?usp=sharing,https://drive.google.com/open?id=0B2GGWRgYVZy8X2ItMUxoREdyYUk,Road,Main road called Boulevard Adolfo Lopez Mateos,,Wall,,,Wall,,Screenshot_2016-06-17-19-49-06.png,https://drive.google.com/open?id=0B_ovWS94gyA5Mk5xc3NtMUQzeUU,,2016-06-21-03-28-21
4,6,06/16/2016 14:35,"20.5205, -100.8054",,Busy street corner where we had to hurry for safety reasons,Oriente,Structural Measurement,321,,41,,https://docs.google.com/spreadsheets/d/1H9I2kAQq6QEobCIXyJhNoafxEipMrQx20SZgsFa5IFI/edit?usp=sharing,https://drive.google.com/open?id=0B2GGWRgYVZy8UUNQVVdvQVI0UzA,Road,Street view from top of cracked sidewalk along the fault,https://drive.google.com/open?id=0B2GGWRgYVZy8WjFOa0hkTDFPZnc,Sidewalk,Facing the cracked sidewalk from faulting,,Wall,,Screenshot_2016-06-17-19-49-06.png,https://drive.google.com/open?id=0B_ovWS94gyA5Mk5xc3NtMUQzeUU,Data less accurate because of rush,2016-06-21-03-43-10
" 
    Team Number 
   "," 
    Station Number 
   "," 
    Date and Time of Data 
   "," 
    Coordinates of Site 
   "," 
    Prepended text 
   "," 
    Station references 
   "," 
    Fault Name 
   "," 
    Data Type 
   "," 
    Strike of Fault 
   "," 
    Angle Between Surface and Slip or Dip 
   "," 
    Throw of Fault 
   "," 
    Slip of Fault 
   "," 
    Hand Written Notes 
   "," 
    Image 1 Link 
   "," 
    Image 1 Subject 
   "," 
    Image 1 Description and Key Words 
   "," 
    Image 2 Link 
   "," 
    Image 2 Subject 
   "," 
    Image 2 Description and Key Words 
   "," 
    Image 3 Link 
   "," 
    Image 3 Subject 
   "," 
    Image 3 Description and Key Words 
   ",Track Map Image ,Track Map URL," 
    More Comments 
   ",timestamp of the answer
Team 3,Location 5,06/16/2016 14:13,"20.51288812, -100.8078666","Q14, 311483.9895, 2269281.598",Rafael Martínez Street,Poniente,Structural Measurement,350,,.38 m,7 m,https://drive.google.com/open?id=0B6MCY2doAFR0Z0pGZVI0SDgzSVk,https://drive.google.com/open?id=0B-k-j9njrUiLMTNGMzNudjFxOXM,Door,Offset on door,https://drive.google.com/open?id=0B-k-j9njrUiLNGtaZnJ3N1BXc1k,Sidewalk,38 cm vertical offset,https://drive.google.com/open?id=0B-k-j9njrUiLeUF2S0JqWHpjc2s,Road,Fracture on asphalt. Near fruit store,,https://drive.google.com/open?id=0B3roOl6qm5iSSTlOVEJzTTB1V0U,,2016-06-21-04-47-26
Team 3,Location 10,06/16/2016 15:08,"20.51701663, -100.8093358","Q14, 311335.8052, 2269740.355",Fray Ignacion Castorena Street,Poniente,Structural Measurement,331,,1.18 m,7.15 m,https://drive.google.com/open?id=0B6MCY2doAFR0TS1WN19UWVQ1VG8,https://drive.google.com/open?id=0B3roOl6qm5iSTmE4Sko5d1NaMlU,Road,Fracture along road. Around 10 m.,https://drive.google.com/open?id=0B-k-j9njrUiLQndPenpURkdjbEU,Road,,,Wall,,,https://drive.google.com/open?id=0B3roOl6qm5iSSTlOVEJzTTB1V0U,,2016-06-21-04-52-24
Team 3,Location 2,06/16/2016 13:14,"20.5302369, -100.8094721","14Q, 311337.7979, 2271204.109",Av. Constituyentes 317 (South Side on Road),Poniente,Structural Measurement,334,-,.8 m,4.5 m,https://drive.google.com/open?id=0B6MCY2doAFR0NzltaDBLN3JhUlU,https://drive.google.com/open?id=0B3roOl6qm5iSTmE4Sko5d1NaMlU,Road,"Cracks on road, ~10m",https://drive.google.com/open?id=0B-k-j9njrUiLQndPenpURkdjbEU,Wall,,,Wall,,,https://drive.google.com/open?id=0B3roOl6qm5iSSTlOVEJzTTB1V0U,,2016-06-21-04-54-11
Team 3,Location 10 Corrected,06/16/2016 15:08,"20.51701663, -100.8093358","Q14, 311335.8052, 2269740.355",Fray Ignacion Castorena Street,Poniente,Structural Measurement,331,,1.18 m,7.15 m,https://drive.google.com/open?id=0B6MCY2doAFR0TS1WN19UWVQ1VG8,https://drive.google.com/open?id=0B-k-j9njrUiLSU5ld3JwRkpjQjQ,Door,,https://drive.google.com/open?id=0B-k-j9njrUiLWE9XX2lKdlhiSFU,Road,,https://drive.google.com/open?id=0B-k-j9njrUiLT25vdElrWkFvN2c,Road,,,https://drive.google.com/open?id=0B3roOl6qm5iSSTlOVEJzTTB1V0U,,2016-06-21-04-57-35
Team 3,Location 13,06/16/2016 15:31,"20.51775301, -100.8094391","Q14, 311325.9411, 2269821.997",Blvd. Adolfo López Mateos on Concord Colchas y Blancos,Poniente,Structural Measurement,342,,1.18 m,5.7 m,https://drive.google.com/open?id=0B6MCY2doAFR0b3MxeF9mSWhHaGM,https://drive.google.com/open?id=0B-k-j9njrUiLdWt1eHZZMG1WRXM,Sidewalk,26 cm crack.,https://drive.google.com/open?id=0B-k-j9njrUiLSDFFOGprdzZUQ00,Wall,Crack on bedding store wall,https://drive.google.com/open?id=0B-k-j9njrUiLMTh6RGlLQkF0b0U,Sidewalk,,,https://drive.google.com/open?id=0B3roOl6qm5iSSTlOVEJzTTB1V0U,,2016-06-21-04-59-38
Team 4,10,06/16/2016 14:53,"20.52343257, -100.80682347",,Across the street from a lot of graffiti.,Poniente,Image,320,,165,,This is a very steep dip in the street.  There is asphalt to accommodate the large displacement through time.  The wall is slanted with graffiti.,https://lh5.googleusercontent.com/5a_ILxhXbq0v5O_X_HGOTSn_fUg4nnvS4aAKvtOfgI9kviWSe0khvr5eChKLYcSLMM66NA=w1252-h518,Road,Steep dip. Street. Sidewalk.,,Wall,,,Wall,,,,"Bad part of town, measurements were rushed.",2016-06-21-02-53-26
Team 4,3,06/16/2016 13:45,"20.515, -100.803",,On Division Del Norte Avenue at the cross section,Oriente,Image,,,N/A,,looking at the horizontal and vertical dips in the road due to the fault you can identify it referencing the uneveness of the cars crossing the street.,https://drive.google.com/file/d/0B2GGWRgYVZy8aGFrMU1RaVJwTms/view,Road,This is the horizontal image,https://drive.google.com/file/d/0B2GGWRgYVZy8SVhnSkp3VVhQbjQ/view,Road,This is the vertical image,,Wall,,,,,2016-06-21-02-54-44
Team 4,11,06/16/2016 15:01,"20.52454015, -100.80734683",,It is 3:00 on rio bravo.   Look at the brick wall at bottom. Damage to the street  and sidewalk.,Oriente,Image,18,N/A,157,,It is 3:00 on rio bravo   Look at the brick wall at bottom  The street  The sidewalk,https://lh5.googleusercontent.com/oFnrtBrIsKq-_P8uU5LgKB0QTN8PcTkTZuapouoXVCMb0ew5Zx-Pkr8O4EuImgDlBb_hQg=w1252-h518,Sidewalk,Look at the car wheels for fault.,,Wall,,,Wall,,,,Mild fault.,2016-06-21-03-07-06
Team 4,9,06/16/2016 14:51,"20.5234267, -100.80646179",,right next to 8 just down the street,Oriente,Image,318,N/A,55,N/A,Where they had good Cumbria.  The last one!,https://lh6.googleusercontent.com/DTnCRBp0JmK9T3rzmVTTybgzjn8DSmOzccIq53nCpu2hTD-fSOaIGvvwl41pdaBjyqKnEA=w1252-h518,Sidewalk,Stairs. Street. Curb.,,Wall,,,Wall,,,,,2016-06-21-03-28-34
Team 4,12,06/16/2016 15:23,"20.52594739, -100.8076422",,Sonora dead ended.,Universidad,Structural Measurement,,,,,,https://drive.google.com/file/d/0B2GGWRgYVZy8THBlQWpOaHIxeE0/view?usp=sharing,Wall,We can see that the fault have deformed the level of the wall.,https://drive.google.com/file/d/0B2GGWRgYVZy8YzFaWV9qakZiWVE/view?usp=sharing,Wall,The displacement of the wall.,https://drive.google.com/file/d/0B2GGWRgYVZy8ZW5QNWhrVW53bVk/view?usp=sharing,Wall,This house has sunk one entire floor.,Screenshot_2016-06-17-19-49-06.png,,This point is not in our track because was extra work after we finished our part of the Oriente fault.,2016-06-21-03-40-14
Team 4,8,06/15/2016,,,Didn't have time to take pic  Where the sketch guy came close so we left,Oriente,Image,329,,198,,Measurements taken hastily.,,Wall,Didn't have time to take pic  Where the sketch guy came close so we left,,Wall,Didn't have time to take pic  Where the sketch guy came close so we left,,Wall,Didn't have time to take pic  Where the sketch guy came close so we left,,,Didn't have time to take pic  Where the sketch guy came close so we left,2016-06-21-03-40-35
Team 4,13,06/16/2016 16:09,"20.52450277, -100.8037547",,On september 16th st and Tampico st. In front of the Oxxo.,Universidad,Structural Measurement,,,,,,https://drive.google.com/file/d/0B2GGWRgYVZy8UlBfX1kzRVZVa0E/view?usp=sharing,Road,Map indicated the fault should be here but there was no clear evidence.,,Wall,,,Wall,,Screenshot_2016-06-17-19-49-06.png,,This point is not in our track because was extra work after we finished our part of the Oriente fault.,2016-06-21-03-47-02
Team 4,8,06/15/2016 14:40,"20.52098103, -100.80562972",,7,Oriente,Image,337,,142,,The side walk is crooked  Just heard a car hit the bottom because of the large dip,blob:https%3A//drive.google.com/6c095082-13e4-475c-9404-7089a656ac55,Sidewalk,The side walk is crooked  Just heard a car hit the bottom because of the large dip,blob:https%3A//drive.google.com/739be398-9981-4aac-a11f-b0fdd1a58edd,Road,,,Wall,,,,,2016-06-21-03-50-04
Team3,Locality 1,06/16/2016 13:06,"20.530, -100.8094","14Q,311337.79, 2271204.1086",Av. Constituyentes 317 (South Side),Poniente,Structural Measurement,276,-,0.17,0.87,https://drive.google.com/open?id=0B6MCY2doAFR0RmtYVDlaUEE4dUk,https://drive.google.com/open?id=0B-k-j9njrUiLM0xsb1UtanlxRms,Sidewalk,Fault on concrete running to pavement,https://drive.google.com/open?id=0B-k-j9njrUiLX1hrX0Q0c0xmaUE,Sidewalk,Fault on concrete with 7cm of displacement,https://drive.google.com/open?id=0B-k-j9njrUiLRXdJNjB4RVlZd0E,Door,Fault on concrete running to pavement,TrackTeam3.jpg,https://drive.google.com/open?id=0B3roOl6qm5iSSTlOVEJzTTB1V0U,,2016-06-21-04-44-10
Team3,Locality 6,06/16/2016 14:18,"20.5130879,-100.807948","14Q, 311475.7409, 2269303.809",Villagomez Street,Poniente,Structural Measurement,345,-,-,4,https://drive.google.com/open?id=0B6MCY2doAFR0R2N5UmoxV1l6S2s,https://drive.google.com/open?id=0B-k-j9njrUiLTFhRYVJqSHdvRzQ,Other,Fractured roof,https://drive.google.com/open?id=0B-k-j9njrUiLWXEwOFpXb2h6WDA,Sidewalk,Sidewalk with missing pieces,https://drive.google.com/open?id=0B-k-j9njrUiLTG1vMk9NWm9PRlE,Sidewalk,Sidewalk presenting slip,TrackTeam3.jpg,https://drive.google.com/open?id=0B3roOl6qm5iSSTlOVEJzTTB1V0U,,2016-06-21-04-51-48
Team3,Locality 8,06/16/2016 14:46,"20.516,-100.809","14Q,311364.368,2269631.7",101 A José María Pino Suárez Street,Poniente,Structural Measurement,328,-,1.17,8.85,https://drive.google.com/open?id=0B6MCY2doAFR0d1JHcldHQWNCTEE,https://drive.google.com/open?id=0B-k-j9njrUiLN1R3TmZwYnAxQ0U,Sidewalk,Sidewalk presenting a crack 0.7 wide,https://drive.google.com/open?id=0B-k-j9njrUiLQktJUG1ZOUdhSzg,Road,Crack on asphalt across the street,https://drive.google.com/open?id=0B-k-j9njrUiLQXZ4aVQ4Z0h5dHc,Sidewalk,Crack on concrete in front of a grocery store,TrackTeam3.jpg,https://drive.google.com/open?id=0B3roOl6qm5iSSTlOVEJzTTB1V0U,,2016-06-21-04-55-55
Team3,Locality 12,06/16/2016 15:23,"20.5177113,-100.8094229","14Q,311327.5754,2269817.361",110 Luis Velasco Street,Poniente,Structural Measurement,325,-,1.25,4.6,https://drive.google.com/open?id=0B6MCY2doAFR0ZTd1Qk9zMzJVQXc,https://drive.google.com/open?id=0B3roOl6qm5iSc2RwVklNdXUyRlk,Road,Fault across the road,https://drive.google.com/open?id=0B-k-j9njrUiLOGNXemFwYmx5SEk,Other,Bending pole,https://drive.google.com/open?id=0B-k-j9njrUiLcjhQbkR3NENnT28,Wall,Fault on asphalt,TrackTeam3.jpg,https://drive.google.com/open?id=0B3roOl6qm5iSSTlOVEJzTTB1V0U,,2016-06-21-04-57-56